Group,Title,System,arXivLink,arXivAbs,InspireLink,DatePublishedArxiv,Journal,N
DQ,Dielectron production at midrapidity at low transverse momentum in peripheral and semi-peripheral Pb$-$Pb collisions at $\sqrt{s_{\rm NN}} = 5.02$ TeV,PbPb,http://arxiv.org/abs/2204.11732v1,2204.11732,-,2022-04-25,Submitted,380
DQ,Photoproduction of low-$p_{\rm T}$ J/$ψ$ from peripheral to central Pb$-$Pb collisions at 5.02 TeV,PbPb,http://arxiv.org/abs/2204.10684v1,2204.10684,-,2022-04-22,Submitted,379
HF,W$^\pm$-boson production in p$-$Pb collisions at $\sqrt{s_{NN}} = 8.16$ TeV and PbPb collisions at $\sqrt{s_{NN}} = 5.02$ TeV,"pPb,PbPb",http://arxiv.org/abs/2204.10640v1,2204.10640,-,2022-04-22,Submitted,378
MM,Underlying-event properties in pp and p$-$Pb collisions at $\sqrt{s_{\rm NN}} = 5.02$ TeV,"pp,pPb",http://arxiv.org/abs/2204.10389v1,2204.10389,-,2022-04-21,Submitted,377
HF,Measurement of beauty-strange meson production in Pb$-$Pb collisions at $\sqrt{s_{\rm NN}} = 5.02$ TeV via non-prompt $\mathrm{D_s}^{+}$ mesons,PbPb,http://arxiv.org/abs/2204.10386v1,2204.10386,-,2022-04-21,Submitted,376
JE,Measurement of inclusive and leading subjet fragmentation in pp and Pb-Pb collisions at $\sqrt{s_{\rm NN}}$ = 5.02 TeV,"pp,PbPb",http://arxiv.org/abs/2204.10270v1,2204.10270,-,2022-04-21,Submitted,375
LF,Multiplicity and rapidity dependence of ${\rm K}^*(892)^0$ and $φ(1020)$ production in p-Pb collisions at $\sqrt{s_{\rm NN}}$ = 5.02 TeV,pPb,http://arxiv.org/abs/2204.10263v1,2204.10263,-,2022-04-21,Submitted,374
LF,First measurement of the $Λ$-$Ξ$ interaction in proton-proton collisions at the LHC,pp,http://arxiv.org/abs/2204.10258v1,2204.10258,-,2022-04-21,Submitted,373
DQ,Measurement of $ψ$(2S) production as a function of charged-particle pseudorapidity density in pp collisions at $\sqrt{s}$ = 13 TeV and p-Pb collisions at $\sqrt{s_{\rm NN}}$ = 8.16 TeV with ALICE at the LHC,"pp,pPb",http://arxiv.org/abs/2204.10253v1,2204.10253,-,2022-04-21,Submitted,372
JE,Measurements of the groomed jet radius and momentum splitting fraction with the soft drop and dynamical grooming algorithms in pp collisions at $\sqrt{s}=5.02$ TeV,pp,http://arxiv.org/abs/2204.10246v1,2204.10246,-,2022-04-21,Submitted,371
CF,Elliptic flow of charged particles at midrapidity relative to the spectator plane in Pb-Pb and Xe-Xe collisions,"PbPb,XeXe",http://arxiv.org/abs/2204.10240v1,2204.10240,-,2022-04-21,Submitted,370
MM,"System-size dependence of the charged-particle pseudorapidity density at $\sqrt{s_{\rm NN}} = 5.02$ TeV for pp, p-Pb, and Pb-Pb collisions","pp,pPb,PbPb",http://arxiv.org/abs/2204.10210v1,2204.10210,-,2022-04-21,Submitted,369
DQ,Measurement of the J/$ψ$ polarization with respect to the event plane in Pb-Pb collisions at the LHC,PbPb,http://arxiv.org/abs/2204.10171v1,2204.10171,-,2022-04-21,Submitted,368
HF,Measurement of the production of charm jets tagged with ${\rm D^0}$ mesons in pp collisions at $\sqrt{s}$ = 5.02 and 13 TeV,pp,http://arxiv.org/abs/2204.10167v1,2204.10167,-,2022-04-21,Submitted,367
CF,First measurement of antideuteron number fluctuations at energies available at the Large Hadron Collider,PbPb,http://arxiv.org/abs/2204.10166v1,2204.10166,-,2022-04-21,Submitted,366
MM,"Study of charged particle production at high $p_{\rm T}$ using event topology in pp, p$-$Pb and Pb$-$Pb collisions at $\sqrt{s_{\rm NN}} = 5.02$ TeV","pp,pPb,PbPb",http://arxiv.org/abs/2204.10157v1,2204.10157,-,2022-04-21,Submitted,365
MM,ALICE luminosity determination for Pb$-$Pb collisions at $\sqrt{s_{\mathrm{NN}}} = 5.02$ TeV,PbPb,http://arxiv.org/abs/2204.10148v1,2204.10148,-,2022-04-21,Submitted,364
LF,First measurement of the absorption of $^{3}\overline{\rm He}$ nuclei in matter and impact on their propagation in the galaxy,"pp,PbPb",http://arxiv.org/abs/2202.01549v1,2202.01549,-,2022-02-03,Submitted,363
JE,Multiplicity dependence of charged-particle jet production in pp collisions at $\sqrt{s} = 13$ TeV,pp,http://arxiv.org/abs/2202.01548v1,2202.01548,-,2022-02-03,Submitted,362
HF,Measurement of beauty production via non-prompt ${\rm D}^{0}$ mesons in Pb-Pb collisions at $\sqrt{s_{\rm NN}}$ = 5.02 TeV,PbPb,http://arxiv.org/abs/2202.00815v1,2202.00815,-,2022-02-01,Submitted,361
CF,First study of the two-body scattering involving charm hadrons,pp,http://arxiv.org/abs/2201.05352v1,2201.05352,-,2022-01-14,Submitted,360
CF,Neutral to charged kaon yield fluctuations in Pb$-$Pb collisions at $\sqrt{s_{\rm NN}}$ = 2.76TeV,PbPb,http://arxiv.org/abs/2112.09482v1,2112.09482,-,2021-12-17,Submitted,359
DQ,Forward rapidity J/$ψ$ production as a function of charged-particle multiplicity in pp collisions at $\sqrt{s} =$ 5.02 and 13 TeV,pp,http://arxiv.org/abs/2112.09433v1,2112.09433,-,2021-12-17,Submitted,358
HF,Constraining hadronization mechanisms with $\rm Λ_{\rm c}^{+}$/D$^0$ production ratios in Pb-Pb collisions at $\sqrt{s_{\rm NN}} = 5.02$ TeV,PbPb,http://arxiv.org/abs/2112.08156v1,2112.08156,-,2021-12-15,Submitted,357
LF,Production of light (anti)nuclei in pp collisions at $\sqrt{s}~=~5.02$ TeV,pp,http://arxiv.org/abs/2112.00610v2,2112.00610,-,2021-12-01,Submitted,356
HF,Observation of a multiplicity dependence in the $p_{\rm T}$-differential charm baryon-to-meson ratios in proton-proton collisions at $\sqrt{s} = 13$ TeV,pp,http://arxiv.org/abs/2111.11948v1,2111.11948,-,2021-11-23,Submitted,355
CF,K$^0_{\rm S}$K$^0_{\rm S}$ and K$^0_{\rm S}$K$^\pm$ femtoscopy in pp collisions at $\sqrt{s}=$ 5.02 and 13 TeV,pp,http://arxiv.org/abs/2111.06611v1,2111.06611,-,2021-11-12,Submitted,354
CF,Characterizing the initial conditions of heavy-ion collisions at the LHC with mean transverse momentum and anisotropic flow correlations,"PbPb,XeXe",http://arxiv.org/abs/2111.06106v1,2111.06106,-,2021-11-11,Submitted,353
HF,Investigating charm production and fragmentation via azimuthal correlations of prompt D mesons with charged particles in pp collisions at $\sqrt{s} = 13$ TeV,pp,http://arxiv.org/abs/2110.10043v2,2110.10043,-,2021-10-19,Submitted,352
LF,$\mathrm{K}^{*}(\mathrm{892})^{0}$ and $\mathrm{φ(1020)}$ production in p-Pb collisions at $\sqrt{s_{\rm NN}}$ = 8.16 TeV,pPb,http://arxiv.org/abs/2110.10042v1,2110.10042,-,2021-10-19,Submitted,351
HF,Measurement of prompt $\rm{D_{s}^{+}}$-meson production and azimuthal anisotropy in Pb-Pb collisions at $\sqrt{s_{\rm NN}} = 5.02$ TeV,PbPb,http://arxiv.org/abs/2110.10006v2,2110.10006,-,2021-10-19,Submitted,350
HF,"Prompt D$^{0}$, D$^{+}$, and D$^{*+}$ production in Pb-Pb collisions at $\sqrt{s_{\rm NN}}$ = 5.02 TeV",PbPb,http://arxiv.org/abs/2110.09420v3,2110.09420,-,2021-10-18,Submitted,349
CF,"General balance functions of identified charged hadron pairs of $(π,{\rm K},{\rm p})$ in Pb$-$Pb collisions at $\sqrt{s_{\rm NN}} = 2.76$ TeV",PbPb,http://arxiv.org/abs/2110.06566v1,2110.06566,-,2021-10-13,Submitted,348
HF,Measurement of inclusive charged-particle b-jet production in pp and p-Pb collisions at $\sqrt{s_{\rm NN}} = 5.02$ TeV,"pp,pPb",http://arxiv.org/abs/2110.06104v2,2110.06104,-,2021-10-12,Submitted,347
DQ,Inclusive quarkonium production in pp collisions at $\sqrt{s} = 5.02$ TeV,pp,http://arxiv.org/abs/2109.15240v1,2109.15240,-,2021-09-30,Submitted,346
LF,Production of light (anti)nuclei in pp collisions at $\sqrt{s} = 13$ TeV,pp,http://arxiv.org/abs/2109.13026v2,2109.13026,-,2021-09-27,Submitted,345
DQ,Prompt and non-prompt J/$ψ$ production cross sections at midrapidity in proton-proton collisions at $\sqrt{s}$ = 5.02 and 13 TeV,pp,http://arxiv.org/abs/2108.02523v1,2108.02523,-,2021-08-05,Submitted,344
DQ,Inclusive J/$ψ$ production at midrapidity in pp collisions at $\sqrt{s}~=~13$ TeV,pp,http://arxiv.org/abs/2108.01906v2,2108.01906,-,2021-08-04,Submitted,343
JE,Measurement of the groomed jet radius and momentum splitting fraction in pp and Pb$-$Pb collisions at $\sqrt{s_{\rm NN}} = 5.02$ TeV,"pp,PbPb",http://arxiv.org/abs/2107.12984v2,2107.12984,-,2021-07-27,Submitted,342
JE,Measurements of the groomed and ungroomed jet angularities in pp collisions at $\sqrt{s} = 5.02$ TeV,pp,http://arxiv.org/abs/2107.11303v1,2107.11303,-,2021-07-23,Submitted,341
CF,Polarization of $Λ$ and $\overlineΛ$ hyperons along the beam direction in Pb-Pb collisions at $\sqrt{s_{\rm NN}}$ = 5.02 TeV,PbPb,http://arxiv.org/abs/2107.11183v1,2107.11183,-,2021-07-23,Submitted,340
MM,Measurement of very forward energy and particle production at midrapidity in pp and p-Pb collisions at the LHC,"pp,pPb",http://arxiv.org/abs/2107.10757v1,2107.10757,-,2021-07-22,Submitted,339
LF,Hypertriton production in p-Pb collisions at $\sqrt{s_{\rm{NN}}}$ = 5.02 TeV,pPb,http://arxiv.org/abs/2107.10627v1,2107.10627,-,2021-07-22,Submitted,338
CF,Anisotropic flow of identified hadrons in Xe-Xe collisions at $\sqrt{s_{\rm NN}}$ = 5.44TeV,XeXe,http://arxiv.org/abs/2107.10592v2,2107.10592,-,2021-07-22,Submitted,337
LF,Production of K$^{*}(892)^{0}$ and $φ(1020)$ in pp and Pb-Pb collisions at $\sqrt{s_{\rm NN}} = 5.02$ TeV,"pp,PbPb",http://arxiv.org/abs/2106.13113v1,2106.13113,-,2021-06-24,Submitted,336
HF,"Measurement of prompt D$^{0}$, $Λ_{c}^{+}$, and $Σ_{c}^{0,++}$(2455) production in pp collisions at $\sqrt{s} = 13$ TeV",pp,http://arxiv.org/abs/2106.08278v2,2106.08278,-,2021-06-07,Submitted,335
JE,Direct observation of the dead-cone effect in QCD,pp,http://arxiv.org/abs/2106.05713v1,2106.05713,-,2021-06-10,Submitted,334
HF,Charm-quark fragmentation fractions and production cross section at midrapidity in pp collisions at the LHC,pp,http://arxiv.org/abs/2105.06335v2,2105.06335,-,2021-05-13,Submitted,333
LF,Measurement of K$^{*}$(892)$^{\mathrm{\pm}}$ production in inelastic pp collisions at the LHC,pp,http://arxiv.org/abs/2105.05760v2,2105.05760,-,2021-05-12,Submitted,332
CF,Charged-particle multiplicity fluctuations in Pb-Pb collisions at $\sqrt{s_{\rm NN}}$ = 2.76 TeV,PbPb,http://arxiv.org/abs/2105.05745v2,2105.05745,-,2021-05-12,Submitted,331
CF,Kaon-proton strong interaction at low relative momentum via femtoscopy in Pb-Pb collisions at the LHC,PbPb,http://arxiv.org/abs/2105.05683v2,2105.05683,-,2021-05-12,Submitted,330
HF,Measurement of the production cross section of prompt $Ξ^0_{\rm c}$ baryons at midrapidity in pp collisions at $\sqrt{s}$ = 5.02 TeV,pp,http://arxiv.org/abs/2105.05616v2,2105.05616,-,2021-05-12,Submitted,329
CF,Experimental evidence for an attractive p-$φ$ interaction,pp,http://arxiv.org/abs/2105.05578v2,2105.05578,-,2021-05-12,Submitted,328
CF,Investigating the role of strangeness in baryon$-$antibaryon annihilation at the LHC,pp,http://arxiv.org/abs/2105.05190v1,2105.05190,-,2021-05-11,Submitted,327
HF,Measurement of the cross sections of $Ξ^0_{\rm c}$ and $Ξ^+_{\rm c}$ baryons and branching-fraction ratio BR($Ξ^0_{\rm c} \rightarrow Ξ^-{\rm e}^+ν_{\rm e}$)/BR($Ξ^0_{\rm c} \rightarrow Ξ^-π^+$) in pp collisions at 13 TeV,pp,http://arxiv.org/abs/2105.05187v2,2105.05187,-,2021-05-11,Submitted,326
DQ,"Inclusive, prompt and non-prompt ${\rm J}/ψ$ production at midrapidity in p$-$Pb collisions at $\sqrt{s_{\rm NN}} = 5.02$ TeV",pPb,http://arxiv.org/abs/2105.04957v1,2105.04957,-,2021-05-11,Submitted,325
JE,First measurements of $N$-subjettiness in central Pb$-$Pb collisions at ${\sqrt{\it{s}_{\rm {NN}}}} = 2.76$ TeV,PbPb,http://arxiv.org/abs/2105.04936v2,2105.04936,-,2021-05-11,Submitted,324
JE,Production of $Λ$ and ${\rm K}^{0}_{\rm S}$ in jets in p-Pb collisions at $\sqrt{s_{\rm NN}} = 5.02$ TeV and pp collisions at $\sqrt{s} = 7$ TeV,"pp,pPb",http://arxiv.org/abs/2105.04890v2,2105.04890,-,2021-05-11,Submitted,323
LF,Energy dependence of $φ$ meson production at forward rapidity in pp collisions at the LHC,pp,http://arxiv.org/abs/2105.00713v2,2105.00713,-,2021-05-03,Submitted,322
CF,Exploring the N$Λ$-N$Σ$ coupled system with high precision correlation techniques at the LHC,pp,http://arxiv.org/abs/2104.04427v1,2104.04427,-,2021-04-09,Submitted,321
GA,Nuclear modification factor of light neutral-meson spectra up to high transverse momentum in p-Pb collisions at $\sqrt{s_{\rm NN}}$ = 8.16 TeV,pPb,http://arxiv.org/abs/2104.03116v3,2104.03116,-,2021-04-07,Submitted,320
HF,Measurement of beauty and charm production in pp collisions at $\sqrt{s}=5.02$ TeV via non-prompt and prompt D mesons,pp,http://arxiv.org/abs/2102.13601v2,2102.13601,-,2021-02-26,Submitted,319
CF,Measurements of mixed harmonic cumulants in Pb-Pb collisions at $\mathbf{\sqrt{{\textit s}_{\rm NN}}}=5.02$ TeV,PbPb,http://arxiv.org/abs/2102.12180v2,2102.12180,-,2021-02-24,Submitted,318
UD,First measurement of the ${\mathbf{ &#124; \textit t &#124; }}$-dependence of coherent $\mathbf{\rm{J/ψ}}$ photonuclear production,PbPb,http://arxiv.org/abs/2101.04623v2,2101.04623,-,2021-01-12,Submitted,317
UD,Coherent $\rm{J/ψ}$ and $\rm{ψ'}$ photoproduction at midrapidity in ultra-peripheral Pb-Pb collisions at $\sqrt{s_{\mathrm{NN}}}~=~5.02$ TeV,PbPb,http://arxiv.org/abs/2101.04577v2,2101.04577,-,2021-01-12,Submitted,316
CF,Long- and short-range correlations and their event-scale dependence in high-multiplicity pp collisions at $\boldsymbol{\sqrt{\textit s}}=13$ TeV,pp,http://arxiv.org/abs/2101.03110v2,2101.03110,-,2021-01-08,Submitted,315
LF,"Production of pions, kaons, (anti-)protons and $φ$ mesons in Xe-Xe collisions at $\sqrt{s_{\rm NN}} = 5.44$ TeV",XeXe,http://arxiv.org/abs/2101.03100v2,2101.03100,-,2021-01-08,Submitted,314
UD,First measurement of coherent $ρ^{0}$ photoproduction in ultra-peripheral Xe-Xe collisions at $\mathbf{\sqrt{s_{\rm {\scriptscriptstyle \mathbf{NN}}}} = 5.44}$ TeV,XeXe,http://arxiv.org/abs/2101.02581v2,2101.02581,-,2021-01-07,Submitted,313
CF,Multi-harmonic correlations of different flow amplitudes in Pb-Pb collisions at $\sqrt{s_{_{\rm NN}}}=2.76$ TeV,PbPb,http://arxiv.org/abs/2101.02579v2,2101.02579,-,2021-01-07,Submitted,312
MM,The upgrade of the ALICE TPC with GEMs and continuous readout,n/a,http://arxiv.org/abs/2012.09518v2,2012.09518,-,2020-12-17,Submitted,311
HF,$\mathrm{Λ_{c}^{+}}$ production in pp and in p-Pb collisions at $\sqrt{s_{\rm {NN}}} = 5.02$ TeV,"pp,pPb",http://arxiv.org/abs/2011.06079v3,2011.06079,-,2020-11-11,Submitted,310
HF,$\rm Λ_{c}^{+}$ production and baryon-to-meson ratios in pp and p-Pb collisions at $\sqrt{s_\mathrm{NN}} = 5.02$ TeV at the LHC,"pp,pPb",http://arxiv.org/abs/2011.06078v3,2011.06078,-,2020-11-11,Submitted,309
JE,Jet fragmentation transverse momentum distributions in pp and p-Pb collisions at $\sqrt{s_{\rm NN}}$ = 5.02 TeV,"pp,pPb",http://arxiv.org/abs/2011.05904v2,2011.05904,-,2020-11-11,Submitted,308
LF,Jet-associated deuteron production in pp collisions at $\sqrt{s}=13$ TeV,pp,http://arxiv.org/abs/2011.05898v2,2011.05898,-,2020-11-11,Submitted,307
DQ,$Υ$ production and nuclear modification at forward rapidity in Pb-Pb collisions at $\mathbf{\sqrt{\textit{s}_{\textbf{NN}}}=5.02}$ TeV,PbPb,http://arxiv.org/abs/2011.05758v2,2011.05758,-,2020-11-11,Submitted,306
HF,Production of muons from heavy-flavour hadron decays at high transverse momentum in Pb-Pb collisions at $\sqrt{s_{\rm NN}}=5.02$ and 2.76 TeV,PbPb,http://arxiv.org/abs/2011.05718v2,2011.05718,-,2020-11-11,Submitted,305
LF,"Pseudorapidity distributions of charged particles as a function of mid and forward rapidity mutiplicities in pp collisions at $\sqrt{s}$ = 5.02, 7 and 13 TeV",pp,http://arxiv.org/abs/2009.09434v2,2009.09434,-,2020-09-20,Submitted,304
DQ,Centrality dependence of J/$ψ$ and $ψ$(2S) production and nuclear modification in p-Pb collisions at $\sqrt{s_{\rm NN}} =$ 8.16 TeV,pPb,http://arxiv.org/abs/2008.04806v2,2008.04806,-,2020-08-11,Submitted,303
CF,Pion-kaon femtoscopy and the lifetime of the hadronic phase in Pb$-$Pb collisions at $\sqrt{s_{\rm{NN}}}$ = 2.76 TeV,PbPb,http://arxiv.org/abs/2007.08315v2,2007.08315,-,2020-07-16,Submitted,302
LF,Production of $ω$ mesons in pp collisions at $\sqrt{s}$ = 7 TeV,pp,http://arxiv.org/abs/2007.02208v2,2007.02208,-,2020-07-04,Submitted,301
CF,Constraining the Chiral Magnetic Effect with charge-dependent azimuthal correlations in Pb-Pb collisions at $\sqrt{\it{s}_{\mathrm{NN}}}$ = 2.76 and 5.02 TeV,PbPb,http://arxiv.org/abs/2005.14640v2,2005.14640,-,2020-05-29,Submitted,300
"LF,CF",Elliptic and triangular flow of (anti)deuterons in Pb-Pb collisions at $\sqrt{s_{\mathrm{NN}}}$ = 5.02 TeV,PbPb,http://arxiv.org/abs/2005.14639v2,2005.14639,-,2020-05-29,Submitted,299
GA,Measurement of isolated photon-hadron correlations in $\sqrt{s_{\rm{NN}}}$ = 5.02 TeV pp and p-Pb collisions,"pp,pPb",http://arxiv.org/abs/2005.14637v2,2005.14637,-,2020-05-29,Submitted,298
DQ,Soft-dielectron excess in proton-proton collisions at $\sqrt{s}$ = 13 TeV,pp,http://arxiv.org/abs/2005.14522v3,2005.14522,-,2020-05-29,Submitted,297
"DQ,CF",J/$ψ$ elliptic and triangular flow in Pb-Pb collisions at $\sqrt{s_{\rm NN}}$ = 5.02 TeV,PbPb,http://arxiv.org/abs/2005.14518v2,2005.14518,-,2020-05-29,Submitted,296
DQ,Dielectron production in proton-proton and proton-lead collisions at $\sqrt{s_{\rm{NN}}}$ = 5.02 TeV,"pp,pPb",http://arxiv.org/abs/2005.11995v2,2005.11995,-,2020-05-25,Submitted,295
CF,Unveiling the strong interaction among hadrons at the LHC,pp,http://arxiv.org/abs/2005.11495v2,2005.11495,-,2020-05-23,Submitted,294
HF,Transverse-momentum and event-shape dependence of D-meson flow harmonics in Pb-Pb collisions at $\sqrt{s_{NN}} = 5.02$ TeV,PbPb,http://arxiv.org/abs/2005.11131v2,2005.11131,-,2020-05-22,Submitted,293
CF,Elliptic flow of electrons from beauty-hadron decays in Pb-Pb collisions at $\sqrt{s_{\rm NN}}$ = 5.02 TeV,PbPb,http://arxiv.org/abs/2005.11130v2,2005.11130,-,2020-05-22,Submitted,292
DQ,First measurement of quarkonium polarization in nuclear collisions at the LHC,PbPb,http://arxiv.org/abs/2005.11128v2,2005.11128,-,2020-05-22,Submitted,291
HF,Z-boson production in p-Pb collisions at $\sqrt{s_{\mathrm{NN}}}=8.16$ TeV and Pb-Pb collisions at $\sqrt{s_{\mathrm{NN}}}=5.02$ TeV,"pPb,PbPb",http://arxiv.org/abs/2005.11126v2,2005.11126,-,2020-05-22,Submitted,290
CF,$Λ\rm{K}$ femtoscopy in Pb-Pb collisions at $\sqrt{s_{\rm{NN}}}$ = 2.76 TeV,PbPb,http://arxiv.org/abs/2005.11124v2,2005.11124,-,2020-05-22,Submitted,289
DQ,Multiplicity dependence of J/$ψ$ production at midrapidity in pp collisions at $\sqrt{s}$ = 13 TeV,pp,http://arxiv.org/abs/2005.11123v2,2005.11123,-,2020-05-22,Submitted,288
LF,Measurement of the low-energy antideuteron inelastic cross section,pPb,http://arxiv.org/abs/2005.11122v3,2005.11122,-,2020-05-22,Submitted,287
LF,Production of light-flavor hadrons in pp collisions at $\sqrt{s}$ = 7 and $\sqrt{s}$ = 13 TeV,pp,http://arxiv.org/abs/2005.11120v2,2005.11120,-,2020-05-22,Submitted,286
DQ,J/$ψ$ production as a function of charged-particle multiplicity in p-Pb collisions at $\sqrt{\textit{s}_{\rm NN}}~=~8.16$ TeV,pPb,http://arxiv.org/abs/2004.12673v2,2004.12673,-,2020-04-27,Submitted,285
CF,Search for a common baryon source in high-multiplicity pp collisions at the LHC,pp,http://arxiv.org/abs/2004.08018v2,2004.08018,-,2020-04-17,Submitted,284
DQ,Measurement of nuclear effects on $ψ\rm{(2S)}$ production in p-Pb collisions at $\sqrt{\textit{s}_{\rm NN}} = 8.16$ TeV,pPb,http://arxiv.org/abs/2003.06053v2,2003.06053,-,2020-03-12,Submitted,283
LF,(Anti-)Deuteron production in pp collisions at $\sqrt{s}=13$ TeV,pp,http://arxiv.org/abs/2003.03184v2,2003.03184,-,2020-03-06,Submitted,282
LF,"Multiplicity dependence of $π$, K, and p production in pp collisions at $\sqrt{s} = 13$ TeV",pp,http://arxiv.org/abs/2003.02394v2,2003.02394,-,2020-03-05,Submitted,281
UD,Coherent photoproduction of $ρ^{0}$ vector mesons in ultra-peripheral Pb-Pb collisions at $\sqrt{s_{\rm NN}} = 5.02$ TeV,PbPb,http://arxiv.org/abs/2002.10897v2,2002.10897,-,2020-02-25,Submitted,280
CF,Higher harmonic non-linear flow modes of charged hadrons in Pb-Pb collisions at $\sqrt{s_{\rm{NN}}}$ = 5.02 TeV,PbPb,http://arxiv.org/abs/2002.00633v2,2002.00633,-,2020-02-03,Submitted,279
CF,Non-linear flow modes of identified particles in Pb-Pb collisions at $\sqrt{s_{\rm{NN}}}$ = 5.02 TeV,PbPb,http://arxiv.org/abs/1912.00740v2,1912.00740,-,2019-12-02,Submitted,278
LF,Evidence of rescattering effect in Pb-Pb collisions at the LHC through production of $\rm{K}^{*}(892)^{0}$ and $φ(1020)$ mesons,PbPb,http://arxiv.org/abs/1910.14419v2,1910.14419,-,2019-10-31,Submitted,277
LF,$\rm{K}^{*}(\rm{892})^{0}$ and $φ(1020)$ production at midrapidity in pp collisions at $\sqrt{s}$ = 8 TeV,pp,http://arxiv.org/abs/1910.14410v2,1910.14410,-,2019-10-31,Submitted,276
CF,Evidence of spin-orbital angular momentum interactions in relativistic heavy-ion collisions,PbPb,http://arxiv.org/abs/1910.14408v2,1910.14408,-,2019-10-31,Submitted,275
CF,Investigation of the p-$Σ^{0}$ interaction via femtoscopy in pp collisions,pp,http://arxiv.org/abs/1910.14407v3,1910.14407,-,2019-10-31,Submitted,274
CF,Probing the effects of strong electromagnetic fields with charge-dependent directed flow in Pb-Pb collisions at the LHC,PbPb,http://arxiv.org/abs/1910.14406v2,1910.14406,-,2019-10-31,Submitted,273
DQ,$Υ$ production in p-Pb collisions at $\sqrt{s_{\rm NN}}$ = 8.16 TeV,pPb,http://arxiv.org/abs/1910.14405v3,1910.14405,-,2019-10-31,Submitted,272
DQ,Centrality and transverse momentum dependence of inclusive J/$ψ$ production at midrapidity in Pb-Pb collisions at $\sqrt{s_{\rm NN}}$ = 5.02 TeV,PbPb,http://arxiv.org/abs/1910.14404v2,1910.14404,-,2019-10-31,Submitted,271
HF,Azimuthal correlations of prompt D mesons with charged particles in pp and p-Pb collisions at $\sqrt{s_{\rm NN}}$ = 5.02 TeV,"pp,pPb",http://arxiv.org/abs/1910.14403v2,1910.14403,-,2019-10-31,Submitted,270
LF,Production of (anti-)$^3$He and (anti-)$^3$H in p-Pb collisions at $\sqrt{s_{\rm{NN}}}$ = 5.02 TeV,pPb,http://arxiv.org/abs/1910.14401v2,1910.14401,-,2019-10-31,Submitted,269
MM,Underlying Event properties in pp collisions at $\sqrt{s}$ = 13 TeV,pp,http://arxiv.org/abs/1910.14400v2,1910.14400,-,2019-10-31,Submitted,268
HF,Measurement of electrons from heavy-flavour hadron decays as a function of multiplicity in p-Pb collisions at $\sqrt{s_{\rm NN}}$ = 5.02 TeV,pPb,http://arxiv.org/abs/1910.14399v2,1910.14399,-,2019-10-31,Submitted,267
JE,Jet-hadron correlations measured relative to the second order event plane in Pb-Pb collisions at $\sqrt{s_{\rm{NN}}}$ = 2.76 TeV,PbPb,http://arxiv.org/abs/1910.14398v2,1910.14398,-,2019-10-31,Submitted,266
LF,Multiplicity dependence of K*(892)$^{0}$ and $φ$(1020) production in pp collisions at $\sqrt{s}$ = 13 TeV,pp,http://arxiv.org/abs/1910.14397v1,1910.14397,-,2019-10-31,Submitted,265
CF,Global baryon number conservation encoded in net-proton fluctuations measured in Pb-Pb collisions at $\sqrt{s_{\rm NN}}$ = 2.76 TeV,PbPb,http://arxiv.org/abs/1910.14396v2,1910.14396,-,2019-10-31,Submitted,264
CF,Longitudinal and azimuthal evolution of two-particle transverse momentum correlations in Pb-Pb collisions at $\sqrt{s_{\rm{NN}}}$ = 2.76 TeV,PbPb,http://arxiv.org/abs/1910.14393v2,1910.14393,-,2019-10-31,Submitted,263
"LF,CF",Measurement of the (anti-)$^{3}$He elliptic flow in Pb-Pb collisions at $\sqrt{s_{\rm{NN}}}$ = 5.02 TeV,PbPb,http://arxiv.org/abs/1910.09718v2,1910.09718,-,2019-10-22,Submitted,262
HF,Measurement of electrons from semileptonic heavy-flavour hadron decays at midrapidity in pp and Pb-Pb collisions at $\sqrt{s_{\rm{NN}}}$ = 5.02 TeV,"pp,PbPb",http://arxiv.org/abs/1910.09110v3,1910.09110,-,2019-10-21,Submitted,261
LF,"Production of charged pions, kaons and (anti-)protons in Pb-Pb and inelastic pp collisions at $\sqrt{s_{\rm{NN}}}$ = 5.02 TeV","pp,PbPb",http://arxiv.org/abs/1910.07678v2,1910.07678,-,2019-10-17,Submitted,260
JE,Measurements of inclusive jet spectra in pp and central Pb-Pb collisions at $\sqrt{s_{\rm{NN}}}$ = 5.02 TeV,"pp,PbPb",http://arxiv.org/abs/1909.09718v2,1909.09718,-,2019-09-20,Submitted,259
DQ,Studies of J/$ψ$ production at forward rapidity in Pb-Pb collisions at $\sqrt{s_{\rm{NN}}}$ = 5.02 TeV,PbPb,http://arxiv.org/abs/1909.03158v3,1909.03158,-,2019-09-07,Submitted,258
CF,Global polarization of $Λ$ and $\overlineΛ$ hyperons in Pb-Pb collisions at the LHC,PbPb,http://arxiv.org/abs/1909.01281v3,1909.01281,-,2019-09-03,Submitted,257
LF,Multiplicity dependence of (multi-)strange hadron production in proton-proton collisions at $\sqrt{s}$ = 13 TeV,pp,http://arxiv.org/abs/1908.01861v2,1908.01861,-,2019-08-05,Submitted,256
LF,$^3_Λ\mathrm{H}$ and $^3_{\barΛ}\mathrm{\bar{H}}$ lifetime measurement in Pb-Pb collisions at $\sqrt{s_{\mathrm{NN}}} = $ 5.02 TeV via two-body decay,PbPb,http://arxiv.org/abs/1907.06906v2,1907.06906,-,2019-07-16,Submitted,255
DQ,Measurement of $Υ(1{\rm S})$ elliptic flow at forward rapidity in Pb-Pb collisions at $\sqrt{s_{\rm{NN}}}=5.02$ TeV,PbPb,http://arxiv.org/abs/1907.03169v3,1907.03169,-,2019-07-06,Submitted,254
HF,"Measurement of prompt D$^0$, D$^+$, D$^{*+}$, and D$^+_s$ production in p-Pb collisions at $\sqrt{s_{\rm{NN}}}$ = 5.02 TeV",pPb,http://arxiv.org/abs/1906.03425v2,1906.03425,-,2019-06-08,Submitted,253
GA,Measurement of the inclusive isolated photon production cross section in pp collisions at $\sqrt{s}$ = 7 TeV,pp,http://arxiv.org/abs/1906.01371v2,1906.01371,-,2019-06-04,Submitted,252
CF,Scattering studies with low-energy kaon-proton femtoscopy in proton-proton collisions at the LHC,pp,http://arxiv.org/abs/1905.13470v2,1905.13470,-,2019-05-31,Submitted,251
DQ,Inclusive J/$ψ$ production at mid-rapidity in pp collisions at $\sqrt{s}$ = 5.02 TeV,pp,http://arxiv.org/abs/1905.07211v2,1905.07211,-,2019-05-17,Submitted,250
CF,Study of the $Λ$-$Λ$ interaction with femtoscopy correlations in pp and p-Pb collisions at the LHC,"pp,pPb",http://arxiv.org/abs/1905.07209v2,1905.07209,-,2019-05-17,Submitted,249
LF,Charged-particle production as a function of multiplicity and transverse spherocity in pp collisions at $\sqrt{s}$ = 5.02 and 13 TeV,pp,http://arxiv.org/abs/1905.07208v2,1905.07208,-,2019-05-17,Submitted,248
HF,Production of muons from heavy-flavour hadron decays in pp collisions at $\sqrt{s}$ = 5.02 TeV,pp,http://arxiv.org/abs/1905.07207v2,1905.07207,-,2019-05-17,Submitted,247
JE,Measurement of charged jet cross section in pp collisions at ${\sqrt{s}=5.02}$ TeV,pp,http://arxiv.org/abs/1905.02536v2,1905.02536,-,2019-05-07,Submitted,246
JE,Exploration of jet substructure using iterative declustering in pp and Pb-Pb collisions at LHC energies,"pp,PbPb",http://arxiv.org/abs/1905.02512v2,1905.02512,-,2019-05-07,Submitted,245
HF,Measurement of the production of charm jets tagged with D$^{0}$ mesons in pp collisions at $\sqrt{s}$= 7 TeV,pp,http://arxiv.org/abs/1905.02510v2,1905.02510,-,2019-05-07,Submitted,244
JE,Measurement of jet radial profiles in Pb$-$Pb collisions at $\sqrt{s_{\rm NN}}$ = 2.76 TeV,PbPb,http://arxiv.org/abs/1904.13118v2,1904.13118,-,2019-04-30,Submitted,243
CF,First observation of an attractive interaction between a proton and a multi-strange baryon,pPb,http://arxiv.org/abs/1904.12198v2,1904.12198,-,2019-04-27,Submitted,242
UD,Coherent J/$ψ$ photoproduction at forward rapidity in ultra-peripheral Pb-Pb collisions at $\sqrt{s_{\rm{NN}}}=5.02$ TeV,PbPb,http://arxiv.org/abs/1904.06272v2,1904.06272,-,2019-04-12,Submitted,241
CF,One-dimensional charged kaon femtoscopy in p-Pb collisions at $\sqrt{s_{\rm NN}}$ = 5.02 TeV,pPb,http://arxiv.org/abs/1903.12310v2,1903.12310,-,2019-03-29,Submitted,240
CF,Measurement of strange baryon-antibaryon interactions with femtoscopic correlations,PbPb,http://arxiv.org/abs/1903.06149v3,1903.06149,-,2019-03-14,Submitted,239
CF,"Investigations of anisotropic flow using multi-particle azimuthal correlations in pp, p-Pb, Xe-Xe, and Pb-Pb collisions at the LHC","pp,pPb,XeXe,PbPb",http://arxiv.org/abs/1903.01790v2,1903.01790,-,2019-03-05,Submitted,238
PP,Calibration of the photon spectrometer PHOS of the ALICE experiment,pp,http://arxiv.org/abs/1902.06145v2,1902.06145,-,2019-02-16,Submitted,237
HF,"Measurement of ${\rm D^0}$, ${\rm D^+}$, ${\rm D^{*+}}$ and ${{\rm D^+}_s}$ production in pp collisions at $\mathbf{\sqrt{\textit s}~=~5.02~TeV}$ with ALICE",pp,http://arxiv.org/abs/1901.07979v2,1901.07979,-,2019-01-23,Submitted,236
CF,Event-shape and multiplicity dependence of freeze-out radii in pp collisions at $\sqrt{\textit s}=7$ TeV,pp,http://arxiv.org/abs/1901.05518v2,1901.05518,-,2019-01-16,Submitted,235
HLT,Real-time data processing in the ALICE High Level Trigger at the LHC,n/a,http://arxiv.org/abs/1812.08036v2,1812.08036,-,2018-12-19,Submitted,234
MM,Charged-particle pseudorapidity density at mid-rapidity in p-Pb collisions at $\sqrt{s_{\rm{NN}}}$ = 8.16 TeV,pPb,http://arxiv.org/abs/1812.01312v2,1812.01312,-,2018-12-04,Submitted,233
DQ,Study of J/$ψ$ azimuthal anisotropy at forward rapidity in Pb-Pb collisions at $\sqrt{{\textit s}_{\rm NN}}$ = 5.02 TeV,PbPb,http://arxiv.org/abs/1811.12727v2,1811.12727,-,2018-11-30,Submitted,232
CF,Jet fragmentation transverse momentum measurements from di-hadron correlations in $\sqrt{s}$ = 7 TeV pp and $\sqrt{s_{\rm{NN}}}$ = 5.02 TeV p-Pb collisions,"pp,pPb",http://arxiv.org/abs/1811.09742v2,1811.09742,-,2018-11-24,Submitted,231
HF,$Λ_\mathrm{c}^+$ production in Pb-Pb collisions at $\sqrt{s_{\rm NN}} = 5.02$ TeV,PbPb,http://arxiv.org/abs/1809.10922v2,1809.10922,-,2018-09-28,Submitted,230
HF,Event-shape engineering for the D-meson elliptic flow in mid-central Pb-Pb collisions at $\sqrt{s_{\rm NN}}$ = 5.02 TeV,PbPb,http://arxiv.org/abs/1809.09371v2,1809.09371,-,2018-09-25,Submitted,229
CF,Measuring K$^0_{\rm S}$K$^{\rm{\pm}}$ interactions using pp collisions at $\sqrt{s}=7$ TeV,pp,http://arxiv.org/abs/1809.07899v2,1809.07899,-,2018-09-21,Submitted,228
UD,Energy dependence of exclusive $J/ψ$ photoproduction off protons in ultra-peripheral p-Pb collisions at $\sqrt{s_{\rm{NN}}}$ = 5.02 TeV,pPb,http://arxiv.org/abs/1809.03235v2,1809.03235,-,2018-09-10,Submitted,227
JE,Charged jet cross section and fragmentation in proton-proton collisions at $\sqrt{s}$ = 7 TeV,pp,http://arxiv.org/abs/1809.03232v1,1809.03232,-,2018-09-10,Submitted,226
LF,Multiplicity dependence of light-flavor hadron production in pp collisions at $\sqrt{s}$ = 7 TeV,pp,http://arxiv.org/abs/1807.11321v2,1807.11321,-,2018-07-30,Submitted,225
JE,"Medium modification of the shape of small-radius jets in central Pb-Pb collisions at $\sqrt{s_{\mathrm {NN}}} = 2.76\,\rm{TeV}$",PbPb,http://arxiv.org/abs/1807.06854v2,1807.06854,-,2018-07-18,Submitted,224
DQ,Measurement of dielectron production in central Pb-Pb collisions at $\sqrt{\textit{s}_{\mathrm{NN}}}$ = 2.76 TeV,PbPb,http://arxiv.org/abs/1807.00923v2,1807.00923,-,2018-07-02,Submitted,223
CF,"p-p, p-$Λ$ and $Λ$-$Λ$ correlations studied via femtoscopy in pp reactions at $\sqrt{s}$ = 7 TeV",pp,http://arxiv.org/abs/1805.12455v3,1805.12455,-,2018-05-31,Submitted,222
LF,Analysis of the apparent nuclear modification in peripheral Pb-Pb collisions at 5.02 TeV,PbPb,http://arxiv.org/abs/1805.05212v2,1805.05212,-,2018-05-14,Submitted,221
MM,Centrality and pseudorapidity dependence of the charged-particle multiplicity density in Xe-Xe collisions at $\sqrt{s_{\rm NN}}$ = 5.44 TeV,XeXe,http://arxiv.org/abs/1805.04432v2,1805.04432,-,2018-05-11,Submitted,220
CF,Two particle differential transverse momentum and number density correlations in p-Pb and Pb-Pb at the LHC,"pPb,PbPb",http://arxiv.org/abs/1805.04422v2,1805.04422,-,2018-05-11,Submitted,219
DQ,Dielectron and heavy-quark production in inelastic and high-multiplicity proton-proton collisions at $\sqrt{s}$ = 13 TeV,pp,http://arxiv.org/abs/1805.04407v2,1805.04407,-,2018-05-11,Submitted,218
GA,Direct photon elliptic flow in Pb-Pb collisions at $\sqrt{s_{\rm NN}}$ = 2.76 TeV,PbPb,http://arxiv.org/abs/1805.04403v2,1805.04403,-,2018-05-11,Submitted,217
LF,Transverse momentum spectra and nuclear modification factors of charged particles in Xe-Xe collisions at $\sqrt{s_{\rm NN}}$ = 5.44 TeV,XeXe,http://arxiv.org/abs/1805.04399v2,1805.04399,-,2018-05-11,Submitted,216
DQ,Dielectron production in proton-proton collisions at $\sqrt{s}$ = 7 TeV,pp,http://arxiv.org/abs/1805.04391v2,1805.04391,-,2018-05-11,Submitted,215
CF,Anisotropic flow of identified particles in Pb-Pb collisions at $\mathbf{\sqrt{{\textit s}_{\rm NN}}}=5.02$ TeV,PbPb,http://arxiv.org/abs/1805.04390v2,1805.04390,-,2018-05-11,Submitted,214
DQ,$Υ$ suppression at forward rapidity in Pb-Pb collisions at $\sqrt{s_{\rm NN}}$ = 5.02 TeV,PbPb,http://arxiv.org/abs/1805.04387v2,1805.04387,-,2018-05-11,Submitted,213
DQ,Inclusive J/$ψ$ production in Xe-Xe collisions at $\sqrt{s_{\rm NN}}$ = 5.44 TeV,XeXe,http://arxiv.org/abs/1805.04383v2,1805.04383,-,2018-05-11,Submitted,212
DQ,Inclusive J/$ψ$ production at forward and backward rapidity in p-Pb collisions at $\sqrt{s_{\rm NN}}$ = 8.16 TeV,pPb,http://arxiv.org/abs/1805.04381v2,1805.04381,-,2018-05-11,Submitted,211
HF,Measurements of low-$p_{\rm T}$ electrons from semileptonic heavy-flavour hadron decays at mid-rapidity in pp and Pb-Pb collisions at $\mathbf{\sqrt{{\it s}_\mathrm{NN}}}$ = 2.76 TeV,"pp,PbPb",http://arxiv.org/abs/1805.04379v2,1805.04379,-,2018-05-11,Submitted,210
DQ,Measurement of the inclusive J/$ψ$ polarization at forward rapidity in pp collisions at $\sqrt{s} = 8$ TeV,pp,http://arxiv.org/abs/1805.04374v2,1805.04374,-,2018-05-11,Submitted,209
HF,Azimuthal anisotropy of heavy-flavour decay electrons in p-Pb collisions at $ \sqrt{s_{\rm NN}}$ = 5.02 TeV,pPb,http://arxiv.org/abs/1805.04367v2,1805.04367,-,2018-05-11,Submitted,208
LF,Production of the $ρ$(770)${^{0}}$ meson in pp and Pb-Pb collisions at $\sqrt{s_{\rm NN}}$ = 2.76 TeV,"pp,PbPb",http://arxiv.org/abs/1805.04365v2,1805.04365,-,2018-05-11,Submitted,207
LF,Suppression of $Λ(1520)$ resonance production in central Pb-Pb collisions at $\sqrt{s_{\rm NN}}$ = 2.76 TeV,PbPb,http://arxiv.org/abs/1805.04361v2,1805.04361,-,2018-05-11,Submitted,206
CF,Anisotropic flow in Xe-Xe collisions at $\mathbf{\sqrt{s_{\rm{NN}}} = 5.44}$ TeV,XeXe,http://arxiv.org/abs/1805.01832v2,1805.01832,-,2018-05-04,Submitted,205
HF,"Measurement of D$^0$, D$^+$, D$^{*+}$ and D$^+_{\rm s}$ production in Pb-Pb collisions at $\mathbf{\sqrt{s_{\rm NN}}}= 5.02$ TeV",PbPb,http://arxiv.org/abs/1804.09083v2,1804.09083,-,2018-04-24,Submitted,204
LF,$φ$ meson production at forward rapidity in Pb-Pb collisions at $\sqrt{s_\mathrm{NN}}=2.76$ TeV,PbPb,http://arxiv.org/abs/1804.08906v2,1804.08906,-,2018-04-24,Submitted,203
CF,Energy dependence and fluctuations of anisotropic flow in Pb-Pb collisions at $\mathbf{\sqrt{{\textit s}_\text{NN}}} = \mathbf{5.02}$ and $\mathbf{2.76}$ TeV,PbPb,http://arxiv.org/abs/1804.02944v2,1804.02944,-,2018-04-09,Submitted,202
CF,Azimuthally-differential pion femtoscopy relative to the third harmonic event plane in Pb-Pb collisions at $\sqrt{\textit{s}_{_{\rm NN}}}$ = 2.76 TeV,PbPb,http://arxiv.org/abs/1803.10594v2,1803.10594,-,2018-03-28,Submitted,201
GA,Direct photon production at low transverse momentum in proton-proton collisions at $\sqrt{s}$ = 2.76 and 8 TeV,pp,http://arxiv.org/abs/1803.09857v2,1803.09857,-,2018-03-27,Submitted,200
GA,Neutral pion and $η$ meson production at mid-rapidity in Pb-Pb collisions at $\sqrt{s_{NN}}$ = 2.76 TeV,PbPb,http://arxiv.org/abs/1803.05490v2,1803.05490,-,2018-03-14,Submitted,199
LF,"Transverse momentum spectra and nuclear modification factors of charged particles in pp, p-Pb and Pb-Pb collisions at the LHC","pp,pPb,PbPb",http://arxiv.org/abs/1802.09145v2,1802.09145,-,2018-02-26,Submitted,198
DQ,Prompt and non-prompt J/$ψ$ production and nuclear modification at mid-rapidity in p-Pb collisions at ${\bf \sqrt{{\it s}_{\text{NN}}}= 5.02}$ TeV,pPb,http://arxiv.org/abs/1802.00765v2,1802.00765,-,2018-02-02,Submitted,197
GA,Neutral pion and $η$ meson production in p-Pb collisions at $\mathbf{\sqrt{s_{\rm NN}}} = 5.02$ TeV,pPb,http://arxiv.org/abs/1801.07051v2,1801.07051,-,2018-01-22,Submitted,196
HF,$Λ_{\rm c}^+$ production in pp collisions at $\sqrt{s} = 7$ TeV and in p-Pb collisions at $\sqrt{s_{\rm NN}} = 5.02$ TeV,"pp,pPb",http://arxiv.org/abs/1712.09581v2,1712.09581,-,2017-12-27,Submitted,195
LF,Relative particle yield fluctuations in Pb-Pb collisions at ${\mathbf{\sqrt{s_{\rm NN}}=2.76}}$ TeV,PbPb,http://arxiv.org/abs/1712.07929v2,1712.07929,-,2017-12-21,Submitted,194
JE,Constraints on jet quenching in p-Pb collisions at $\mathbf{\sqrt{s_{NN}}}$ = 5.02 TeV measured by the event-activity dependence of semi-inclusive hadron-jet distributions,pPb,http://arxiv.org/abs/1712.05603v2,1712.05603,-,2017-12-15,Submitted,193
HF,Measurement of Z$^0$-boson production at large rapidities in Pb-Pb collisions at $\sqrt{s_{\rm NN}}=5.02$ TeV,PbPb,http://arxiv.org/abs/1711.10753v2,1711.10753,-,2017-11-29,Submitted,192
LF,Longitudinal asymmetry and its effect on pseudorapidity distributions in Pb-Pb collisions at $\sqrt{s_{NN}}$ = 2.76 TeV,PbPb,http://arxiv.org/abs/1710.07975v2,1710.07975,-,2017-10-22,Submitted,191
LF,Production of $^{4}$He and $^{4}\overline{\textrm{He}}$ in Pb-Pb collisions at $\sqrt{s_{\mathrm{NN}}}$ = 2.76 TeV at the LHC,PbPb,http://arxiv.org/abs/1710.07531v2,1710.07531,-,2017-10-20,Submitted,190
LF,"Production of deuterons, tritons, $^{3}$He nuclei and their anti-nuclei in pp collisions at $\mathbf{\sqrt{\textit s}}$ = 0.9, 2.76 and 7 TeV",pp,http://arxiv.org/abs/1709.08522v2,1709.08522,-,2017-09-25,Submitted,189
DQ/CF,Search for collectivity with azimuthal J/$ψ$-hadron correlations in high multiplicity p-Pb collisions at $\sqrt{s_{\rm NN}}$ = 5.02 and 8.16 TeV,pPb,http://arxiv.org/abs/1709.06807v2,1709.06807,-,2017-09-20,Submitted,188
DQ,J/$ψ$ elliptic flow in Pb-Pb collisions at $\mathbf{\sqrt{s_{\rm NN}}}$ = 5.02 TeV,PbPb,http://arxiv.org/abs/1709.05260v2,1709.05260,-,2017-09-15,Submitted,187
CF,Constraining the magnitude of the Chiral Magnetic Effect with Event Shape Engineering in Pb-Pb collisions at $\sqrt{s_{\rm NN}}$ = 2.76$ TeV,PbPb,http://arxiv.org/abs/1709.04723v2,1709.04723,-,2017-09-14,Submitted,186
PP,"The ALICE Transition Radiation Detector: construction, operation, and performance",n/a,http://arxiv.org/abs/1709.02743v2,1709.02743,-,2017-09-08,Submitted,185
CF,Kaon femtoscopy in Pb-Pb collisions at $\sqrt{s_{\rm{NN}}}$ = 2.76 TeV,PbPb,http://arxiv.org/abs/1709.01731v2,1709.01731,-,2017-09-06,Submitted,184
CF,Systematic studies of correlations between different order flow harmonics in Pb-Pb collisions at $\sqrt{s_{\rm NN}}$ = 2.76 TeV,PbPb,http://arxiv.org/abs/1709.01127v2,1709.01127,-,2017-09-04,Submitted,183
GA,$π^0$ and $η$ meson production in proton-proton collisions at $\sqrt{s}=8$ TeV,pp,http://arxiv.org/abs/1708.08745v2,1708.08745,-,2017-08-29,Submitted,182
MM,"Charged-particle multiplicity distributions over a wide pseudorapidity range in proton-proton collisions at $\mathbf{\sqrt{s}=}$ 0.9, 7 and 8 TeV",pp,http://arxiv.org/abs/1708.01435v2,1708.01435,-,2017-08-04,Submitted,181
"LF,CF",Measurement of deuteron spectra and elliptic flow in Pb-Pb collisions at $\mathbf{\sqrt{s_{\rm NN}}}$ = 2.76 TeV at the LHC,PbPb,http://arxiv.org/abs/1707.07304v2,1707.07304,-,2017-07-23,Submitted,180
CF,Searches for transverse momentum dependent flow vector fluctuations in Pb-Pb and p-Pb collisions at the LHC,"pPb,PbPb",http://arxiv.org/abs/1707.05690v2,1707.05690,-,2017-07-18,Submitted,179
HF,D-meson azimuthal anisotropy in mid-central Pb-Pb collisions at $\mathbf{\sqrt{s_{\rm NN}}=5.02}$ TeV,PbPb,http://arxiv.org/abs/1707.01005v2,1707.01005,-,2017-07-04,Submitted,178
CF,Measuring K$^0_{\rm S}$K$^{\rm \pm}$ interactions using Pb-Pb collisions at ${\sqrt{s_{\rm NN}}=2.76}$ TeV,PbPb,http://arxiv.org/abs/1705.04929v2,1705.04929,-,2017-05-14,Submitted,177
CF,Linear and non-linear flow mode in Pb-Pb collisions at $\sqrt{s_{\rm NN}} =$ 2.76 TeV,PbPb,http://arxiv.org/abs/1705.04377v2,1705.04377,-,2017-05-11,Submitted,176
DQ,J/$ψ$ production as a function of charged-particle pseudorapidity density in p-Pb collisions at $\sqrt{s_{\rm NN}} = 5.02$ TeV,pPb,http://arxiv.org/abs/1704.00274v2,1704.00274,-,2017-04-02,Submitted,175
CF,Flow dominance and factorization of transverse momentum correlations in Pb-Pb collisions at the LHC,PbPb,http://arxiv.org/abs/1702.02665v2,1702.02665,-,2017-02-09,Submitted,174
CF,Azimuthally differential pion femtoscopy in Pb-Pb collisions at $\sqrt{s_{\rm NN}}=2.76$ TeV,PbPb,http://arxiv.org/abs/1702.01612v2,1702.01612,-,2017-02-06,Submitted,173
CF,Production of muons from heavy-flavour hadron decays in p-Pb collisions at $\sqrt{s_{\rm NN}} = 5.02$ TeV,PbPb,http://arxiv.org/abs/1702.01479v2,1702.01479,-,2017-02-06,Submitted,172
GA,Production of $π^0$ and $η$ mesons up to high transverse momentum in pp collisions at 2.76 TeV,pp,http://arxiv.org/abs/1702.00917v2,1702.00917,-,2017-02-03,Submitted,171
JE,First measurement of jet mass in Pb-Pb and p-Pb collisions at the LHC,pPb,http://arxiv.org/abs/1702.00804v2,1702.00804,-,2017-02-02,Submitted,170
HF,Measurement of D-meson production at mid-rapidity in pp collisions at $\mathbf{\sqrt{s}=7}$ TeV,pp,http://arxiv.org/abs/1702.00766v2,1702.00766,-,2017-02-02,Submitted,169
DQ,Energy dependence of forward-rapidity J/$ψ$ and $ψ(2S)$ production in pp collisions at the LHC,pp,http://arxiv.org/abs/1702.00557v2,1702.00557,-,2017-02-02,Submitted,168
LF,K$^{*}(892)^{0}$ and $φ(1020)$ meson production at high transverse momentum in pp and Pb-Pb collisions at $\sqrt{s_\mathrm{NN}}$ = 2.76 TeV,"pp,PbPb",http://arxiv.org/abs/1702.00555v2,1702.00555,-,2017-02-02,Submitted,167
LF,Production of $Σ(1385)^{\pm}$ and $Ξ(1530)^{0}$ in p-Pb collisions at $\sqrt{s_{\rm NN}}=5.02$ TeV,pPb,http://arxiv.org/abs/1701.07797v2,1701.07797,-,2017-01-26,Submitted,166
LF,Insight into particle production mechanisms via angular correlations of identified particles in pp collisions at $\sqrt{s}=7$ TeV,pp,http://arxiv.org/abs/1612.08975v3,1612.08975,-,2016-12-28,Submitted,165
LF,Centrality dependence of the pseudorapidity density distribution for charged particles in Pb-Pb collisions at $\sqrt{s_{\rm NN}}=5.02$ TeV,PbPb,http://arxiv.org/abs/1612.08966v3,1612.08966,-,2016-12-28,Submitted,164
HF,W and Z boson production in p-Pb collisions at $\sqrt{s_{\rm NN}}$ = 5.02 TeV,pPb,http://arxiv.org/abs/1611.03002v2,1611.03002,-,2016-11-09,Submitted,163
PP,Determination of the event collision time with the ALICE detector at the LHC,"pp,pPb,PbPb",http://arxiv.org/abs/1610.03055v2,1610.03055,-,2016-10-08,Submitted,162
HF,Measurement of the production of high-$p_{\rm T}$ electrons from heavy-flavour hadron decays in Pb-Pb collisions at $\sqrt{s_{\rm NN}}$ = 2.76 TeV,PbPb,http://arxiv.org/abs/1609.07104v2,1609.07104,-,2016-09-22,Submitted,161
CF,Evolution of the longitudinal and azimuthal structure of the near-side jet peak in Pb-Pb collisions at $\sqrt{s_{\rm NN}} = 2.76$ TeV,PbPb,http://arxiv.org/abs/1609.06667v2,1609.06667,-,2016-09-21,Submitted,160
CF,Anomalous evolution of the near-side jet peak shape in Pb-Pb collisions at $\sqrt{s_{\rm NN}}$ = 2.76 TeV,PbPb,http://arxiv.org/abs/1609.06643v2,1609.06643,-,2016-09-21,Submitted,159
HF,Measurement of electrons from beauty-hadron decays in p-Pb collisions at $\sqrt{s_{\rm NN}}=5.02$ TeV and Pb-Pb collisions at $\sqrt{s_{\rm NN}}=2.76$ TeV,"pPb,PbPb",http://arxiv.org/abs/1609.03898v3,1609.03898,-,2016-09-13,Submitted,158
GA,Jet-like correlations with neutral pion triggers in pp and central Pb-Pb collisions at 2.76 TeV,"pp,PbPb",http://arxiv.org/abs/1608.07201v2,1608.07201,-,2016-08-25,Submitted,157
DQ,J/$ψ$ suppression at forward rapidity in Pb-Pb collisions at $\sqrt{s_{\rm NN}} = 5.02$ TeV,PbPb,http://arxiv.org/abs/1606.08197v2,1606.08197,-,2016-06-27,Submitted,156
LF,Enhanced production of multi-strange hadrons in high-multiplicity proton-proton collisions,pp,http://arxiv.org/abs/1606.07424v2,1606.07424,-,2016-06-23,Submitted,155
CF,Higher harmonic flow coefficients of identified hadrons in Pb-Pb collisions at $\sqrt{s_{\rm NN}}$ = 2.76 TeV,PbPb,http://arxiv.org/abs/1606.06057v2,1606.06057,-,2016-06-20,Submitted,154
HF,Elliptic flow of electrons from heavy-flavour hadron decays at mid-rapidity in Pb-Pb collisions at $\mathbf{\sqrt{s_\mathrm{NN}}}$ = 2.76 TeV,PbPb,http://arxiv.org/abs/1606.00321v2,1606.00321,-,2016-06-01,Submitted,153
HF,D-meson production in p-Pb collisions at $\sqrt{s_{\rm NN}}=5.02$ TeV and in pp collisions at $\sqrt{s}=7$ TeV,"pp,pPb",http://arxiv.org/abs/1605.07569v2,1605.07569,-,2016-05-24,Submitted,152
HF,Measurement of azimuthal correlations of D mesons and charged particles in pp collisions at $\sqrt{s}=7$ TeV and p-Pb collisions at $\sqrt{s_{\rm NN}}=5.02$ TeV,"pp,pPb",http://arxiv.org/abs/1605.06963v2,1605.06963,-,2016-05-23,Submitted,151
CF,Pseudorapidity dependence of the anisotropic flow of charged particles in Pb-Pb collisions at $\sqrt{s_{\rm NN}}=2.76$ TeV,PbPb,http://arxiv.org/abs/1605.02035v3,1605.02035,-,2016-05-06,Submitted,150
CF,Correlated event-by-event fluctuations of flow harmonics in Pb-Pb collisions at $\sqrt{s_{_{\rm NN}}}=2.76$ TeV,PbPb,http://arxiv.org/abs/1604.07663v2,1604.07663,-,2016-04-26,Submitted,149
LF,Measurement of transverse energy at midrapidity in Pb-Pb collisions at $\sqrt{s_{\rm NN}} = 2.76$ TeV,PbPb,http://arxiv.org/abs/1603.04775v2,1603.04775,-,2016-03-15,Submitted,148
JE,Centrality dependence of charged jet production in p-Pb collisions at $\sqrt{s_\mathrm{NN}}$ = 5.02 TeV,pPb,http://arxiv.org/abs/1603.03402v2,1603.03402,-,2016-03-10,Submitted,147
DQ,Centrality dependence of $\mathbfψ$(2S) suppression in p-Pb collisions at $\mathbf{\sqrt{{\textit s}_{\rm NN}}}$ = 5.02 TeV,pPb,http://arxiv.org/abs/1603.02816v2,1603.02816,-,2016-03-09,Submitted,146
HF,Measurement of D-meson production versus multiplicity in p-Pb collisions at $\sqrt{s_{\rm NN}}=5.02$ TeV,pPb,http://arxiv.org/abs/1602.07240v2,1602.07240,-,2016-02-23,Submitted,145
PP,Particle identification in ALICE: a Bayesian approach,n/a,http://arxiv.org/abs/1602.01392v2,1602.01392,-,2016-02-03,Submitted,144
CF,Anisotropic flow of charged particles in Pb-Pb collisions at $\sqrt{s_{\rm NN}}=5.02$ TeV,PbPb,http://arxiv.org/abs/1602.01119v2,1602.01119,-,2016-02-02,Submitted,143
LF,Production of K$^{*}$(892)$^{0}$ and $φ$(1020) in p-Pb collisions at $\sqrt{s_{\mathrm{NN}}}$ = 5.02 TeV,pPb,http://arxiv.org/abs/1601.07868v2,1601.07868,-,2016-01-28,Submitted,142
LF,"Multiplicity dependence of charged pion, kaon, and (anti)proton production at large transverse momentum in p-Pb collisions at $\mathbf{\sqrt{{\textit s}_{\rm NN}}}$ = 5.02 TeV",pPb,http://arxiv.org/abs/1601.03658v2,1601.03658,-,2016-01-14,Submitted,141
CF,"Multipion Bose-Einstein correlations in pp, p-Pb, and Pb-Pb collisions at the LHC","pp,pPb,PbPb",http://arxiv.org/abs/1512.08902v2,1512.08902,-,2015-12-30,Submitted,140
LF,Multi-strange baryon production in p-Pb collisions at $\sqrt{s_\mathbf{NN}}=5.02$ TeV,pPb,http://arxiv.org/abs/1512.07227v2,1512.07227,-,2015-12-22,Submitted,139
LF,Centrality dependence of the charged-particle multiplicity density at mid-rapidity in Pb-Pb collisions at $\sqrt{s_{\rm NN}}$ = 5.02 TeV,PbPb,http://arxiv.org/abs/1512.06104v2,1512.06104,-,2015-12-18,Submitted,138
CF,Charge-dependent flow and the search for the Chiral Magnetic Wave in Pb-Pb collisions at $\sqrt{s_{\rm NN}}$ = 2.76 TeV,PbPb,http://arxiv.org/abs/1512.05739v2,1512.05739,-,2015-12-17,Submitted,137
DQ,Measurement of an excess in the yield of J/$ψ$ at very low $p_{\rm T}$ in Pb-Pb collisions at $\sqrt{s_{\rm NN}}$ = 2.76 TeV,PbPb,http://arxiv.org/abs/1509.08802v2,1509.08802,-,2015-09-29,Submitted,136
LF,Pseudorapidity and transverse-momentum distributions of charged particles in proton-proton collisions at $\mathbf{\sqrt{\textit s}}$ = 13 TeV,pp,http://arxiv.org/abs/1509.08734v2,1509.08734,-,2015-09-29,Submitted,135
DQ,Inclusive quarkonium production at forward rapidity in pp collisions at $\sqrt{s}=8$ TeV,pp,http://arxiv.org/abs/1509.08258v2,1509.08258,-,2015-09-28,Submitted,134
UD,Charged-particle multiplicities in proton-proton collisions at $\sqrt{s}$ = 0.9 to 8 TeV,pp,http://arxiv.org/abs/1509.07541v2,1509.07541,-,2015-09-24,Submitted,133
HF,Measurement of electrons from heavy-flavour hadron decays in p-Pb collisions at $\sqrt{s_{\rm NN}} = 5.02$ TeV,pPb,http://arxiv.org/abs/1509.07491v2,1509.07491,-,2015-09-24,Submitted,132
JE,Azimuthal anisotropy of charged jet production in $\sqrt{s_{\rm NN}}$ = 2.76 TeV Pb-Pb collisions,PbPb,http://arxiv.org/abs/1509.07334v2,1509.07334,-,2015-09-24,Submitted,131
GA,Direct photon production in Pb-Pb collisions at $\sqrt{s_\rm{NN}}$ = 2.76 TeV,PbPb,http://arxiv.org/abs/1509.07324v2,1509.07324,-,2015-09-24,Submitted,130
LF,Centrality evolution of the charged-particle pseudorapidity density over a broad pseudorapidity range in Pb-Pb collisions at $\sqrt{s_{\rm NN}}$ = 2.76 TeV,PbPb,http://arxiv.org/abs/1509.07299v2,1509.07299,-,2015-09-24,Submitted,129
HF,Measurement of D$_s^+$ production and nuclear modification factor in Pb-Pb collisions at $\sqrt{s_{\rm NN}}=2.76$ TeV,PbPb,http://arxiv.org/abs/1509.07287v2,1509.07287,-,2015-09-24,Submitted,128
CF,"Multiplicity and transverse momentum evolution of charge-dependent correlations in pp, p-Pb, and Pb-Pb collisions at the LHC","pp,pPb,PbPb",http://arxiv.org/abs/1509.07255v2,1509.07255,-,2015-09-24,Submitted,127
HF,Transverse momentum dependence of D-meson production in Pb-Pb collisions at $\sqrt{s_{\rm NN}}=2.76$ TeV,PbPb,http://arxiv.org/abs/1509.06888v2,1509.06888,-,2015-09-23,Submitted,126
UD,Coherent $ψ$(2S) photo-production in ultra-peripheral Pb-Pb collisions at $\sqrt{s}_{\rm NN}$ = 2.76 TeV,PbPb,http://arxiv.org/abs/1508.05076v2,1508.05076,-,2015-08-20,Submitted,125
LF,Precision measurement of the mass difference between light nuclei and anti-nuclei,PbPb,http://arxiv.org/abs/1508.03986v1,1508.03986,-,2015-08-17,Submitted,124
UD,Study of cosmic ray events with high muon multiplicity using the ALICE detector at the CERN Large Hadron Collider,c.r.,http://arxiv.org/abs/1507.07577v3,1507.07577,-,2015-07-27,Submitted,123
CF,Centrality dependence of pion freeze-out radii in Pb-Pb collisions at $\sqrt{\mathbf{s_{NN}}}$=2.76 TeV,PbPb,http://arxiv.org/abs/1507.06842v2,1507.06842,-,2015-07-24,Submitted,122
CF,Event shape engineering for inclusive spectra and elliptic flow in Pb-Pb collisions at $\sqrt{s_\rm{NN}}=2.76$ TeV,PbPb,http://arxiv.org/abs/1507.06194v2,1507.06194,-,2015-07-22,Submitted,121
HF,Elliptic flow of muons from heavy-flavour hadron decays at forward rapidity in Pb-Pb collisions at $\sqrt{s_{\rm NN}}=2.76$ TeV,PbPb,http://arxiv.org/abs/1507.03134v1,1507.03134,-,2015-07-11,Submitted,120
DQ,$φ$-meson production at forward rapidity in p-Pb collisions at $\sqrt{s_{\rm NN}}$ = 5.02 TeV and in pp collisions at $\sqrt{s}$ = 2.76 TeV,"pp,pPb",http://arxiv.org/abs/1506.09206v3,1506.09206,-,2015-06-30,Submitted,119
LF,Production of light nuclei and anti-nuclei in pp and Pb-Pb collisions at LHC energies,"pp,PbPb",http://arxiv.org/abs/1506.08951v3,1506.08951,-,2015-06-30,Submitted,118
DQ,Centrality dependence of inclusive J/$ψ$ production in p-Pb collisions at $\sqrt{s_{\rm NN}}$ = 5.02 TeV,pPb,http://arxiv.org/abs/1506.08808v2,1506.08808,-,2015-06-29,Submitted,117
DQ,Differential studies of inclusive J/$ψ$ and $ψ$(2S) production at forward rapidity in Pb-Pb collisions at $\mathbf{\sqrt{{\textit s}_{_{NN}}}}$ = 2.76 TeV,PbPb,http://arxiv.org/abs/1506.08804v2,1506.08804,-,2015-06-29,Submitted,116
LF,$^{3}_Λ\mathrm H$ and $^{3}_{\barΛ} \overline{\mathrm H}$ production in Pb-Pb collisions at $\sqrt{s_{\rm NN}}$ = 2.76 TeV,PbPb,http://arxiv.org/abs/1506.08453v2,1506.08453,-,2015-06-28,Submitted,115
CF,Forward-central two-particle correlations in p-Pb collisions at $\sqrt{s_{\rm NN}}$ = 5.02 TeV,pPb,http://arxiv.org/abs/1506.08032v3,1506.08032,-,2015-06-26,Submitted,114
CF,"One-dimensional pion, kaon, and proton femtoscopy in Pb-Pb collisions at $\sqrt{s_{\rm {NN}}}$ =2.76 TeV",PbPb,http://arxiv.org/abs/1506.07884v2,1506.07884,-,2015-06-25,Submitted,113
LF,Search for weakly decaying $\bar{Λ\mathrm{n}}$ and $ΛΛ $ exotic bound states in central Pb-Pb collisions at $\sqrt{s_{\rm NN}}$ = 2.76 TeV,PbPb,http://arxiv.org/abs/1506.07499v2,1506.07499,-,2015-06-24,Submitted,112
LF,"Centrality dependence of the nuclear modification factor of charged pions, kaons, and protons in Pb-Pb collisions at $\sqrt{s_{\rm NN}}=2.76$ TeV",PbPb,http://arxiv.org/abs/1506.07287v3,1506.07287,-,2015-06-24,Submitted,111
HF,Centrality dependence of high-$p_{\rm T}$ D meson suppression in Pb-Pb collisions at $\sqrt{s_{\rm NN}}$ = 2.76 TeV,PbPb,http://arxiv.org/abs/1506.06604v3,1506.06604,-,2015-06-22,Submitted,110
JE,Measurement of jet quenching with semi-inclusive hadron-jet distributions in central Pb-Pb collisions at $\sqrt{s_{\rm NN}}$ = 2.76 TeV,PbPb,http://arxiv.org/abs/1506.03984v2,1506.03984,-,2015-06-12,Submitted,109
HF,Measurement of charm and beauty production at central rapidity versus charged-particle multiplicity in proton-proton collisions at $\mathbf{\sqrt{\textit s}}=7$ TeV,pp,http://arxiv.org/abs/1505.00664v2,1505.00664,-,2015-05-04,Submitted,108
DQ,"Inclusive, prompt and non-prompt J/$ψ$ production at mid-rapidity in Pb-Pb collisions at $\sqrt{s_{\rm NN}}$ = 2.76 TeV",PbPb,http://arxiv.org/abs/1504.07151v3,1504.07151,-,2015-04-27,Submitted,107
LF,"Measurement of pion, kaon and proton production in proton-proton collisions at $\sqrt{s}=7$ TeV",pp,http://arxiv.org/abs/1504.00024v2,1504.00024,-,2015-03-31,Submitted,106
UD,Coherent $ρ^0$ photoproduction in ultra-peripheral Pb-Pb collisions at $\mathbf{\sqrt{\textit{s}_{\rm NN}}} = 2.76$ TeV,PbPb,http://arxiv.org/abs/1503.09177v2,1503.09177,-,2015-03-31,Submitted,105
DQ,Rapidity and transverse-momentum dependence of the inclusive J/$\mathbfψ$ nuclear modification factor in p-Pb collisions at $\mathbf{\sqrt{\textit{s}_{NN}}}=5.02$ TeV,pPb,http://arxiv.org/abs/1503.07179v2,1503.07179,-,2015-03-24,Submitted,104
JE,Measurement of dijet $k_{\rm T}$ in p-Pb collisions at ${\sqrt{s_{\rm NN}}=5.02}$ TeV,pPb,http://arxiv.org/abs/1503.03050v3,1503.03050,-,2015-03-10,Submitted,103
JE,Measurement of charged jet production cross sections and nuclear modification in p-Pb collisions at $\sqrt{s_\rm{NN}} = 5.02$ TeV,pPb,http://arxiv.org/abs/1503.00681v2,1503.00681,-,2015-03-02,Submitted,102
JE,Measurement of jet suppression in central Pb-Pb collisions at $\sqrt{s_{\rm NN}}$ = 2.76 TeV,PbPb,http://arxiv.org/abs/1502.01689v2,1502.01689,-,2015-02-05,Submitted,101
CF,Two-pion femtoscopy in p-Pb collisions at $\sqrt{s_{\rm NN}}=5.02$ TeV,pPb,http://arxiv.org/abs/1502.00559v2,1502.00559,-,2015-02-02,Submitted,100
LF,"Forward-backward multiplicity correlations in pp collisions at $\sqrt{s}$=0.9, 2.76 and 7 TeV",pp,http://arxiv.org/abs/1502.00230v2,1502.00230,-,2015-02-01,Submitted,99
LF,Centrality dependence of particle production in p-Pb collisions at $\sqrt{s_{\rm NN} }$= 5.02 TeV,pPb,http://arxiv.org/abs/1412.6828v2,1412.6828,-,2014-12-21,Submitted,98
LF,"Inclusive photon production at forward rapidities in proton-proton collisions at $\sqrt{s}$ = 0.9, 2.76 and 7 TeV",pp,http://arxiv.org/abs/1411.4981v2,1411.4981,-,2014-11-18,Submitted,97
JE,Charged jet cross sections and properties in proton-proton collisions at $\sqrt{s}=7$ TeV,pp,http://arxiv.org/abs/1411.4969v2,1411.4969,-,2014-11-18,Submitted,96
DQ,Production of inclusive $Υ$(1S) and $Υ$(2S) in p-Pb collisions at $\mathbf{\sqrt{s_{\rm NN}} = 5.02}$ TeV,pPb,http://arxiv.org/abs/1410.2234v2,1410.2234,-,2014-10-08,Submitted,95
CF,Event-by-event mean $p_{\rm T}$ fluctuations in pp and Pb-Pb collisions at the LHC,"pp,PbPb",http://arxiv.org/abs/1407.5530v2,1407.5530,-,2014-07-21,Submitted,94
UD,Exclusive J/$ψ$ photoproduction off protons in ultra-peripheral p-Pb collisions at $\sqrt{s_{\rm NN}}=5.02$ TeV,pPb,http://arxiv.org/abs/1406.7819v2,1406.7819,-,2014-06-30,Submitted,93
CF,Multiplicity dependence of jet-like two-particle correlations in p-Pb collisions at $\sqrt{s_{NN}}$ = 5.02 TeV,pPb,http://arxiv.org/abs/1406.5463v2,1406.5463,-,2014-06-20,Submitted,92
LF,Production of $Σ(1385)^{\pm}$ and $Ξ(1530)^{0}$ in proton-proton collisions at $\sqrt{s}=$ 7 TeV,pp,http://arxiv.org/abs/1406.3206v2,1406.3206,-,2014-06-12,Submitted,91
CF,Multi-particle azimuthal correlations in p-Pb and Pb-Pb collisions at the CERN Large Hadron Collider,"pPb,PbPb",http://arxiv.org/abs/1406.2474v2,1406.2474,-,2014-06-10,Submitted,90
CF,Elliptic flow of identified hadrons in Pb-Pb collisions at $\sqrt{s_{\rm{NN}}}$ = 2.76 TeV,PbPb,http://arxiv.org/abs/1405.4632v2,1405.4632,-,2014-05-19,Submitted,89
DQ,Suppression of $Υ$(1S) at forward rapidity in Pb-Pb collisions at $\sqrt{s_{\rm NN}}$ = 2.76 TeV,PbPb,http://arxiv.org/abs/1405.4493v3,1405.4493,-,2014-05-18,Submitted,88
HF,Beauty production in pp collisions at $\sqrt{s}$ = 2.76 TeV measured via semi-electronic decays,pp,http://arxiv.org/abs/1405.4144v2,1405.4144,-,2014-05-16,Submitted,87
HF,Measurement of electrons from semileptonic heavy-flavor hadron decays in pp collisions at $\sqrt{s} = 2.76$ TeV,pp,http://arxiv.org/abs/1405.4117v2,1405.4117,-,2014-05-16,Submitted,86
DQ,Suppression of $ψ$(2S) production in p-Pb collisions at $\sqrt{s_{\rm NN}}$ = 5.02 TeV,pPb,http://arxiv.org/abs/1405.3796v3,1405.3796,-,2014-05-15,Submitted,85
GA,Neutral pion production at midrapidity in pp and Pb-Pb collisions at $\sqrt{s_{\rm NN}}$ = 2.76 TeV,"pp,PbPb",http://arxiv.org/abs/1405.3794v2,1405.3794,-,2014-05-15,Submitted,84
HF,Measurement of prompt D-meson production in p-Pb collisions at $\sqrt{s_{\rm NN}}$ = 5.02 TeV,pPb,http://arxiv.org/abs/1405.3452v2,1405.3452,-,2014-05-14,Submitted,83
LF,Transverse momentum dependence of inclusive primary charged-particle production in p-Pb collisions at $\sqrt{s_{\rm NN}}$ = 5.02 TeV,pPb,http://arxiv.org/abs/1405.2737v3,1405.2737,-,2014-05-12,Submitted,82
HF,Azimuthal anisotropy of D meson production in Pb-Pb collisions at $\sqrt{s_{\rm NN}} = 2.76$ TeV,PbPb,http://arxiv.org/abs/1405.2001v2,1405.2001,-,2014-05-08,Submitted,81
PP,Measurement of visible cross sections in proton-lead collisions at $\sqrt{s_{\rm NN}}$ = 5.02 TeV in van der Meer scans with the ALICE detector,pPb,http://arxiv.org/abs/1405.1849v3,1405.1849,-,2014-05-08,Submitted,80
CF,"Freeze-out radii extracted from three-pion cumulants in pp, p-Pb and Pb-Pb collisions at the LHC","pp,pPb,PbPb",http://arxiv.org/abs/1404.1194v3,1404.1194,-,2014-04-04,Submitted,79
LF,K*(892)$^{0}$ and $Φ$(1020) production in Pb-Pb collisions at $\sqrt{s_{\rm NN}}$ = 2.76 TeV,PbPb,http://arxiv.org/abs/1404.0495v3,1404.0495,-,2014-04-02,Submitted,78
DQ,Measurement of quarkonium production at forward rapidity in pp collisions at $\sqrt{s}$= 7 TeV,pp,http://arxiv.org/abs/1403.3648v2,1403.3648,-,2014-03-14,Submitted,77
PP,Performance of the ALICE Experiment at the CERN LHC,n/a,http://arxiv.org/abs/1402.4476v4,1402.4476,-,2014-02-18,Submitted,76
LF,"Production of charged pions, kaons and protons at large transverse momenta in pp and Pb-Pb collisions at $\sqrt{s_{\rm NN}}$ = 2.76 TeV","pp,PbPb",http://arxiv.org/abs/1401.1250v4,1401.1250,-,2014-01-07,Submitted,75
JE,Measurement of charged jet suppression in Pb-Pb collisions at $\sqrt{s_{\rm NN}}=2.76$ TeV,PbPb,http://arxiv.org/abs/1311.0633v2,1311.0633,-,2013-11-04,Submitted,74
DQ,"Centrality, rapidity and transverse momentum dependence of $J/ψ$ suppression in Pb-Pb collisions at $\sqrt{s_{\rm NN}}$=2.76 TeV",PbPb,http://arxiv.org/abs/1311.0214v4,1311.0214,-,2013-11-01,Submitted,73
CF,Two and Three-Pion Quantum Statistics Correlations in Pb-Pb Collisions at $\sqrt{s_{\rm NN}}=2.76$ TeV at the LHC,PbPb,http://arxiv.org/abs/1310.7808v4,1310.7808,-,2013-10-29,Submitted,72
DQ,J/$ψ$ production and nuclear effects in p-Pb collisions at $\sqrt{s_{\rm NN}}=5.02$ TeV,pPb,http://arxiv.org/abs/1308.6726v3,1308.6726,-,2013-08-30,Submitted,71
LF,"Multiplicity Dependence of Pion, Kaon, Proton and Lambda Production in p-Pb Collisions at $\sqrt{s_{\rm NN}}$ = 5.02 TeV",pPb,http://arxiv.org/abs/1307.6796v4,1307.6796,-,2013-07-25,Submitted,70
LF,Multi-strange baryon production at mid-rapidity in Pb-Pb collisions at $\sqrt{s_{\rm NN}}$ = 2.76 TeV,PbPb,http://arxiv.org/abs/1307.5543v3,1307.5543,-,2013-07-21,Submitted,69
LF,K$^0_{\rm S}$ and $\rm Λ$ production in Pb-Pb collisions at $\sqrt{s_{\rm NN}}$ = 2.76 TeV,PbPb,http://arxiv.org/abs/1307.5530v2,1307.5530,-,2013-07-21,Submitted,68
CF,"Long-range angular correlations of $\rm π$, K and p in p-Pb collisions at $\sqrt{s_{\rm NN}}$ = 5.02 TeV",pPb,http://arxiv.org/abs/1307.3237v4,1307.3237,-,2013-07-11,Submitted,67
CF,Multiplicity dependence of two-particle azimuthal correlations in pp collisions at the LHC,pp,http://arxiv.org/abs/1307.1249v2,1307.1249,-,2013-07-04,Submitted,66
LF,"Multiplicity dependence of the average transverse momentum in pp, p-Pb, and Pb-Pb collisions at the LHC","pp,pPb,PbPb",http://arxiv.org/abs/1307.1094v4,1307.1094,-,2013-07-03,Submitted,65
LF,Energy Dependence of the Transverse Momentum Distributions of Charged Particles in pp Collisions Measured by ALICE,pp,http://arxiv.org/abs/1307.1093v3,1307.1093,-,2013-07-03,Submitted,64
CF,Directed flow of charged particles at mid-rapidity relative to the spectator plane in Pb-Pb collisions at $\sqrt{s_\rm{NN}}$=2.76 TeV,PbPb,http://arxiv.org/abs/1306.4145v4,1306.4145,-,2013-06-18,Submitted,63
PP,Performance of the ALICE VZERO system,n/a,http://arxiv.org/abs/1306.3130v2,1306.3130,-,2013-06-13,Submitted,62
HF,D meson elliptic flow in non-central Pb-Pb collisions at $\sqrt{s_{\rm NN}}$ = 2.76TeV,PbPb,http://arxiv.org/abs/1305.2707v4,1305.2707,-,2013-05-13,Submitted,61
LF,"Mid-rapidity anti-baryon to baryon ratios in pp collisions at $\sqrt{s}$ = 0.9, 2.76 and 7 TeV measured by ALICE",pp,http://arxiv.org/abs/1305.1562v2,1305.1562,-,2013-05-07,Submitted,60
UD,Charmonium and $e^+e^-$ pair photoproduction at mid-rapidity in ultra-peripheral Pb-Pb collisions at $\sqrt{s_{\rm NN}}$=2.76 TeV,PbPb,http://arxiv.org/abs/1305.1467v2,1305.1467,-,2013-05-07,Submitted,59
LF,Centrality dependence of the pseudorapidity density distribution for charged particles in Pb-Pb collisions at $\sqrt{s_{\rm NN}}$ = 2.76 TeV,PbPb,http://arxiv.org/abs/1304.0347v5,1304.0347,-,2013-04-01,Submitted,58
DQ,J/Psi Elliptic Flow in Pb-Pb Collisions at $\sqrt{s_{\rm NN}}$ = 2.76 TeV,PbPb,http://arxiv.org/abs/1303.5880v4,1303.5880,-,2013-03-23,Submitted,57
LF,"Centrality dependence of $\rm \mathbf π$, K, p production in Pb-Pb collisions at $\sqrt{s_{\rm NN}}$ = 2.76 TeV",PbPb,http://arxiv.org/abs/1303.0737v3,1303.0737,-,2013-03-04,Submitted,56
PP,Centrality determination of Pb-Pb collisions at $\sqrt{s_{\rm NN}}$ = 2.76 TeV with ALICE,PbPb,http://arxiv.org/abs/1301.4361v3,1301.4361,-,2013-01-18,Submitted,55
CF,Charge correlations using the balance function in Pb-Pb collisions at $\sqrt{s_{\rm NN}} = 2.76$ TeV,PbPb,http://arxiv.org/abs/1301.3756v3,1301.3756,-,2013-01-16,Submitted,54
JE,Measurement of the inclusive differential jet cross section in pp collisions at $\sqrt{s}$ = 2.76 TeV,pp,http://arxiv.org/abs/1301.3475v4,1301.3475,-,2013-01-15,Submitted,53
CF,Charged kaon femtoscopic correlations in pp collisions at $\sqrt{s}=7$ TeV,pp,http://arxiv.org/abs/1212.5958v3,1212.5958,-,2012-12-24,[[http://prd.aps.org/abstract/PRD/v87/i5/e052016][Phys. Rev. D87]],52
CF,Long-range angular correlations on the near and away side in p-Pb collisions at $\sqrt{s_{\rm NN}}$ = 5.02 TeV,pPb,http://arxiv.org/abs/1212.2001v4,1212.2001,-,2012-12-10,Submitted,51
LF,Transverse momentum distribution and nuclear modification factor of charged particles in p-Pb collisions at $\sqrt{s_{\rm NN}}$ = 5.02 TeV,pPb,http://arxiv.org/abs/1210.4520v3,1210.4520,-,2012-10-16,Submitted,50
LF,Pseudorapidity density of charged particles in p-Pb collisions at $\sqrt{s_{\rm NN}} = 5.02$ TeV,pPb,http://arxiv.org/abs/1210.3615v3,1210.3615,-,2012-10-12,Submitted,49
UD,Coherent J/$ψ$ photoproduction in ultra-peripheral Pb-Pb collisions at $\sqrt{s_{\rm NN}}$ = 2.76 TeV,PbPb,http://arxiv.org/abs/1209.3715v3,1209.3715,-,2012-09-17,Submitted,48
LF,Production of K$^{*}$(892)$^{0}$ and $φ$(1020) in pp collisions at $\sqrt{s}=7$ TeV,pp,http://arxiv.org/abs/1208.5717v3,1208.5717,-,2012-08-28,Submitted,47
LF,"Measurement of inelastic, single- and double-diffraction cross sections in proton-proton collisions at the LHC with ALICE",pp,http://arxiv.org/abs/1208.4968v2,1208.4968,-,2012-08-24,Submitted,46
LF,Centrality dependence of charged particle production at large transverse momentum in Pb-Pb collisions at $\sqrt{s_{\rm{NN}}} = 2.76$ TeV,PbPb,http://arxiv.org/abs/1208.2711v3,1208.2711,-,2012-08-13,Submitted,45
LF,"Pion, kaon, and proton production in central Pb-Pb Collisions at $\sqrt{s_{NN}} = 2.76$ TeV",PbPb,http://arxiv.org/abs/1208.1974v3,1208.1974,-,2012-08-09,Submitted,44
HF,D$_{s}^+$ meson production at central rapidity in proton-proton collisions at $\sqrt{s}$ = 7 TeV,pp,http://arxiv.org/abs/1208.1948v3,1208.1948,-,2012-08-09,Submitted,43
HF,Measurement of electrons from beauty hadron decays in pp collisions at $\sqrt{s} = 7$ TeV,pp,http://arxiv.org/abs/1208.1902v4,1208.1902,-,2012-08-09,Submitted,42
CF,Net-charge fluctuations in Pb-Pb collisions at $\sqrt{s_{\rm NN}}$ = 2.76 TeV,PbPb,http://arxiv.org/abs/1207.6068v3,1207.6068,-,2012-07-25,Submitted,41
CF,Charge separation relative to the reaction plane in Pb-Pb collisions at $\sqrt{s_{\rm NN}}= 2.76$ TeV,PbPb,http://arxiv.org/abs/1207.0900v4,1207.0900,-,2012-07-04,Submitted,40
CF,K$^0_s$K$^0_s$ correlations in pp collisions at $\sqrt{s}=7$ TeV from the LHC ALICE experiment,pp,http://arxiv.org/abs/1206.2056v2,1206.2056,-,2012-06-10,Submitted,39
HF,Production of muons from heavy flavour decays at forward rapidity in pp and Pb-Pb collisions at $\sqrt {s_{NN}}$ = 2.76 TeV,"pp,PbPb",http://arxiv.org/abs/1205.6443v2,1205.6443,-,2012-05-29,Submitted,38
DQ,Measurement of prompt J/psi and beauty hadron production cross sections at mid-rapidity in pp collisions at sqrt(s) = 7 TeV,pp,http://arxiv.org/abs/1205.5880v2,1205.5880,-,2012-05-26,Submitted,37
CF,"Anisotropic flow of charged hadrons, pions and (anti-)protons measured at high transverse momentum in Pb-Pb collisions at $\sqrt{s_{\rm NN}}=2.76$ TeV",PbPb,http://arxiv.org/abs/1205.5761v3,1205.5761,-,2012-05-25,Submitted,36
GA,Neutral pion and $η$ meson production in proton-proton collisions at $\sqrt{s}=0.9$ TeV and $\sqrt{s}=7$ TeV,pp,http://arxiv.org/abs/1205.5724v2,1205.5724,-,2012-05-25,Submitted,35
HF,Measurement of electrons from semileptonic heavy-flavour hadron decays in pp collisions at $\sqrt{s}$= 7 TeV,pp,http://arxiv.org/abs/1205.5423v3,1205.5423,-,2012-05-24,Submitted,34
HF,Measurement of charm production at central rapidity in proton-proton collisions at $\sqrt{s} = 2.76$ TeV,pp,http://arxiv.org/abs/1205.4007v3,1205.4007,-,2012-05-17,Submitted,33
CF,"Transverse sphericity of primary charged particles in minimum bias proton-proton collisions at $\sqrt{s}=0.9$, 2.76 and 7 TeV",pp,http://arxiv.org/abs/1205.3963v2,1205.3963,-,2012-05-17,Submitted,32
LF,Multi-strange baryon production in pp collisions at $\sqrt{s}$ = 7 TeV with ALICE,pp,http://arxiv.org/abs/1204.0282v3,1204.0282,-,2012-04-02,Submitted,31
DQ,Inclusive J/psi production in pp collisions at sqrt(s) = 2.76 TeV,pp,http://arxiv.org/abs/1203.3641v2,1203.3641,-,2012-03-16,Submitted,30
LF,Measurement of the cross section for electromagnetic dissociation with neutron emission in Pb-Pb collisions at $\sqrt{s_{\rm NN}}=2.76$ TeV,PbPb,http://arxiv.org/abs/1203.2436v3,1203.2436,-,2012-03-12,Submitted,29
HF,Suppression of high transverse momentum D mesons in central Pb-Pb collisions at $\sqrt{s_{\rm NN}}=2.76$ TeV,PbPb,http://arxiv.org/abs/1203.2160v5,1203.2160,-,2012-03-09,Submitted,28
DQ,J/psi Production as a Function of Charged Particle Multiplicity in pp Collisions at sqrt{s} = 7 TeV,pp,http://arxiv.org/abs/1202.2816v1,1202.2816,-,2012-02-13,Submitted,27
DQ,J/$ψ$ suppression at forward rapidity in Pb-Pb collisions at $\sqrt{s_{\rm NN}}$ = 2.76 TeV,PbPb,http://arxiv.org/abs/1202.1383v3,1202.1383,-,2012-02-07,Submitted,26
HF,Heavy flavour decay muon production at forward rapidity in proton-proton collisions at $\sqrt{s} = 7$ TeV,pp,http://arxiv.org/abs/1201.3791v2,1201.3791,-,2012-01-17,Submitted,25
JE,Measurement of event background fluctuations for charged particle jet reconstruction in Pb-Pb collisions at $\sqrt{s_{\rm NN}} = 2.76$ TeV,PbPb,http://arxiv.org/abs/1201.2423v2,1201.2423,-,2012-01-11,Submitted,24
DQ,Light vector meson production in pp collisions at $\sqrt{s}$ = 7 TeV,pp,http://arxiv.org/abs/1112.2222v2,1112.2222,-,2011-12-09,Submitted,23
CF,Underlying Event measurements in pp collisions at $\sqrt{s}$ = 0.9 and 7 TeV with the ALICE experiment at the LHC,pp,http://arxiv.org/abs/1112.2082v4,1112.2082,-,2011-12-09,Submitted,22
DQ,J/$ψ$ polarization in pp collisions at $\sqrt{s}=7$ TeV,pp,http://arxiv.org/abs/1111.1630v3,1111.1630,-,2011-11-07,Submitted,21
HF,Measurement of charm production at central rapidity in proton-proton collisions at $\sqrt{s} = 7$ TeV,pp,http://arxiv.org/abs/1111.1553v3,1111.1553,-,2011-11-07,Submitted,20
CF,Particle-yield modification in jet-like azimuthal di-hadron correlations in Pb-Pb collisions at $\sqrt{s_{\rm NN}}$ = 2.76 TeV,PbPb,http://arxiv.org/abs/1110.0121v3,1110.0121,-,2011-10-01,Submitted,19
CF,Harmonic decomposition of two-particle angular correlations in Pb-Pb collisions at $\sqrt{s_{\rm NN}}$ = 2.76 TeV,PbPb,http://arxiv.org/abs/1109.2501v3,1109.2501,-,2011-09-12,Submitted,18
CF,Higher harmonic anisotropic flow measurements of charged particles in Pb-Pb collisions at 2.76 TeV,PbPb,http://arxiv.org/abs/1105.3865v3,1105.3865,-,2011-05-19,Submitted,17
DQ,Rapidity and transverse momentum dependence of inclusive J/$ψ$ production in pp collisions at $\sqrt{s} = 7$ TeV,pp,http://arxiv.org/abs/1105.0380v4,1105.0380,-,2011-05-02,Submitted,16
LF,"Production of pions, kaons and protons in pp collisions at $\sqrt{s}=900$ GeV with ALICE at the LHC",pp,http://arxiv.org/abs/1101.4110v4,1101.4110,-,2011-01-21,Submitted,15
CF,Femtoscopy of pp collisions at $\sqrt{s}$=0.9 and 7 TeV at the LHC with two-pion Bose-Einstein correlations,pp,http://arxiv.org/abs/1101.3665v2,1101.3665,-,2011-01-19,Submitted,14
CF,Two-pion Bose-Einstein correlations in central Pb-Pb collisions at $\sqrt{s_{\rm NN}}$ = 2.76 TeV,PbPb,http://arxiv.org/abs/1012.4035v4,1012.4035,-,2010-12-17,Submitted,13
LF,Strange particle production in proton-proton collisions at $\sqrt{s}=0.9$ TeV with ALICE at the LHC,pp,http://arxiv.org/abs/1012.3257v3,1012.3257,-,2010-12-15,Submitted,12
LF,Centrality dependence of the charged-particle multiplicity density at mid-rapidity in Pb-Pb collisions at $\sqrt{s_{\rm NN}}$ = 2.76 TeV,PbPb,http://arxiv.org/abs/1012.1657v3,1012.1657,-,2010-12-08,Submitted,11
LF,Suppression of charged particle production at large transverse momentum in central Pb-Pb collisions at $\sqrt{s_{\rm NN}} = 2.76$ TeV,PbPb,http://arxiv.org/abs/1012.1004v2,1012.1004,-,2010-12-05,Submitted,10
LF,Charged-particle multiplicity density at mid-rapidity in central Pb-Pb collisions at $\sqrt{s_{\rm NN}}$ = 2.76 TeV,PbPb,http://arxiv.org/abs/1011.3916v4,1011.3916,-,2010-11-17,Submitted,9
CF,Elliptic flow of charged particles in Pb-Pb collisions at 2.76 TeV,PbPb,http://arxiv.org/abs/1011.3914v3,1011.3914,-,2010-11-17,Submitted,8
LF,Transverse momentum spectra of charged particles in proton-proton collisions at $\sqrt{s} = 900$ GeV with ALICE at the LHC,pp,http://arxiv.org/abs/1007.0719v4,1007.0719,-,2010-07-05,Submitted,7
CF,Two-pion Bose-Einstein correlations in pp collisions at $\sqrt{s}=900$ GeV,pp,http://arxiv.org/abs/1007.0516v2,1007.0516,-,2010-07-03,Submitted,6
LF,Midrapidity antiproton-to-proton ratio in pp collisions at $\sqrt{s} = 0.9$ and $7$ TeV measured by the ALICE experiment,pp,http://arxiv.org/abs/1006.5432v2,1006.5432,-,2010-06-28,Submitted,5
LF,Charged-particle multiplicity measurement in proton-proton collisions at $\sqrt{s}$ = 7 TeV with ALICE at LHC,pp,http://arxiv.org/abs/1004.3514v3,1004.3514,-,2010-04-20,Submitted,4
LF,Charged-particle multiplicity measurement in proton-proton collisions at $\sqrt{s}$ = 0.9 and 2.36 TeV with ALICE at LHC,pp,http://arxiv.org/abs/1004.3034v3,1004.3034,-,2010-04-18,Submitted,3
PP,Alignment of the ALICE Inner Tracking System with cosmic-ray tracks,c.r.,http://arxiv.org/abs/1001.0502v4,1001.0502,-,2010-01-04,Submitted,2
LF,First proton-proton collisions at the LHC as observed with the ALICE detector: measurement of the charged particle pseudorapidity density at $\sqrt{s}$ = 900 GeV,pp,http://arxiv.org/abs/0911.5430v3,0911.5430,-,2009-11-28,Submitted,1
PP,The ALICE experiment at the CERN LHC,n/a,n/a,n/a,https://inspirehep.net/record/796251?ln=en,2008-08-03,[[http://iopscience.iop.org/1748-0221/3/08/S08002/][ J. Instrum. 3 (2008)]],0
